
INSERT INTO `kju_express_regions` (`id`, `name`, `type`, `parent_id`, `created_at`, `updated_at`) VALUES
(6003600, 'AUSTRALIA', 'country', NULL, '2021-03-21 14:20:07', '2021-03-21 14:20:07'),
(6009600, 'BRUNEI DARUSSALAM', 'country', NULL, '2021-01-19 07:03:27', '2021-01-19 07:03:27'),
(6010400, 'MYANMAR', 'country', NULL, '2021-01-19 07:05:55', '2021-01-19 07:05:55'),
(6011600, 'CAMBODIA', 'country', NULL, '2021-01-19 07:05:40', '2021-01-19 07:05:40'),
(6015600, 'CHINA', 'country', NULL, '2021-01-19 07:04:23', '2021-01-19 07:04:23'),
(6015800, 'TAIWAN', 'country', NULL, '2021-01-19 07:02:45', '2021-01-19 07:02:45'),
(6034400, 'HONG KONG', 'country', NULL, '2021-01-19 07:03:00', '2021-01-19 07:03:00'),
(6039200, 'JAPAN', 'country', NULL, '2021-01-19 07:05:09', '2021-01-19 07:05:09'),
(6041000, 'SOUTH KOREA', 'country', NULL, '2021-01-19 07:04:55', '2021-01-19 07:04:55'),
(6041800, 'LAOS', 'country', NULL, '2021-03-21 14:19:44', '2021-03-21 14:19:44'),
(6044600, 'MACAU', 'country', NULL, '2021-01-19 07:04:10', '2021-01-19 07:04:10'),
(6045800, 'MALAYSIA', 'country', NULL, '2021-01-19 07:01:36', '2021-01-19 07:01:36'),
(6045812, 'SABAH', 'country', NULL, '2021-01-19 07:03:44', '2021-01-19 07:03:44'),
(6045813, 'SERAWAK', 'country', NULL, '2021-01-19 07:03:58', '2021-01-19 07:03:58'),
(6052800, 'NETHERLAND', 'country', NULL, '2021-03-21 14:20:28', '2021-03-21 14:20:28'),
(6060800, 'PHILIPINE', 'country', NULL, '2021-03-21 14:19:57', '2021-03-21 14:19:57'),
(6068200, 'SAUDI ARABIA', 'country', NULL, '2021-03-21 14:19:14', '2021-03-21 14:19:14'),
(6070200, 'SINGAPORE', 'country', NULL, '2021-01-19 07:01:20', '2021-01-19 07:01:20'),
(6070400, 'VIETNAM', 'country', NULL, '2021-01-19 07:05:22', '2021-01-19 07:05:22'),
(6076400, 'THAILAND', 'country', NULL, '2021-01-19 07:04:39', '2021-01-19 07:04:39'),
(6078400, 'UNITED ARAB EMIRATES (UAE)', 'country', NULL, '2021-03-21 14:19:33', '2021-03-21 14:19:33'),
(6082600, 'UNITED KINGDOM (ENGLAND)', 'country', NULL, '2021-03-21 14:20:17', '2021-03-21 14:20:17'),
(6084000, 'UNITED STATES (USA)', 'country', NULL, '2021-03-21 14:20:37', '2021-03-21 14:20:37');

INSERT INTO `kju_express_int_delivery_routes` (`code`, `created_at`, `updated_at`, `src_region_id`, `dst_region_id`) VALUES
('36-6003600', '2021-03-27 04:57:03', '2021-03-27 04:57:03', 36, 6003600),
('36-6009600', '2021-01-23 09:08:30', '2021-01-23 09:08:30', 36, 6009600),
('36-6010400', '2021-01-25 02:22:41', '2021-01-25 02:22:41', 36, 6010400),
('36-6011600', '2021-01-25 02:21:20', '2021-01-25 02:21:20', 36, 6011600),
('36-6015600', '2021-03-15 08:49:30', '2021-03-15 08:49:30', 36, 6015600),
('36-6015800', '2021-01-22 02:18:03', '2021-01-22 02:18:03', 36, 6015800),
('36-6034400', '2021-01-23 08:29:19', '2021-01-23 08:29:19', 36, 6034400),
('36-6039200', '2021-03-15 08:44:02', '2021-03-15 08:44:02', 36, 6039200),
('36-6041000', '2021-03-15 08:46:42', '2021-03-15 08:46:42', 36, 6041000),
('36-6041800', '2021-03-27 04:51:41', '2021-03-27 04:51:41', 36, 6041800),
('36-6044600', '2021-01-25 02:23:52', '2021-01-25 02:23:52', 36, 6044600),
('36-6045800', '2021-01-23 08:11:21', '2021-01-23 08:11:21', 36, 6045800),
('36-6045812', '2021-01-23 09:07:58', '2021-01-23 09:07:58', 36, 6045812),
('36-6045813', '2021-01-23 09:07:15', '2021-01-23 09:07:15', 36, 6045813),
('36-6052800', '2021-03-27 05:01:57', '2021-03-27 05:01:57', 36, 6052800),
('36-6060800', '2021-03-27 04:54:11', '2021-03-27 04:54:11', 36, 6060800),
('36-6068200', '2021-03-27 04:44:47', '2021-03-27 04:44:47', 36, 6068200),
('36-6070200', '2021-01-22 02:13:11', '2021-01-22 02:13:11', 36, 6070200),
('36-6070400', '2021-01-25 02:20:25', '2021-01-25 02:20:25', 36, 6070400),
('36-6076400', '2021-03-27 04:49:25', '2021-03-27 04:49:25', 36, 6076400),
('36-6078400', '2021-03-27 04:40:54', '2021-03-27 04:40:54', 36, 6078400),
('36-6082600', '2021-03-27 04:59:22', '2021-03-27 04:59:22', 36, 6082600),
('36-6084000', '2021-03-27 05:12:54', '2021-03-27 05:12:54', 36, 6084000);


INSERT INTO `kju_express_int_delivery_costs` (`id`, `min_range_weight`, `max_range_weight`, `base_cost_per_kg`, `profit_percentage`, `int_delivery_route_code`, `created_at`, `updated_at`) VALUES
(72, 1, 20, 180000, 50, '36-6070400', '2021-03-15 07:50:53', '2021-03-15 07:50:53'),
(73, 21, 30, 110000, 50, '36-6070400', '2021-03-15 07:52:05', '2021-03-15 07:52:05'),
(74, 1, 1, 65000, 45, '36-6070200', '2021-03-15 07:53:15', '2021-03-15 07:53:15'),
(75, 2, 5, 55000, 50, '36-6070200', '2021-03-15 07:54:25', '2021-03-15 07:54:25'),
(76, 6, 10, 54000, 50, '36-6070200', '2021-03-15 07:55:04', '2021-03-15 07:55:04'),
(77, 11, 15, 53000, 50, '36-6070200', '2021-03-15 07:55:42', '2021-03-15 07:55:42'),
(78, 16, 20, 52000, 50, '36-6070200', '2021-03-15 07:56:12', '2021-03-15 07:56:12'),
(79, 21, 30, 50000, 50, '36-6070200', '2021-03-15 07:56:45', '2021-03-15 07:56:45'),
(80, 1, 1, 70000, 50, '36-6045800', '2021-03-15 07:58:24', '2021-03-15 07:58:24'),
(81, 2, 2, 62000, 50, '36-6045800', '2021-03-15 07:58:46', '2021-03-15 07:58:46'),
(82, 3, 5, 60000, 50, '36-6045800', '2021-03-15 07:59:03', '2021-03-15 07:59:03'),
(83, 6, 10, 58000, 50, '36-6045800', '2021-03-15 07:59:19', '2021-03-15 07:59:19'),
(84, 11, 15, 55000, 50, '36-6045800', '2021-03-15 07:59:40', '2021-03-15 07:59:40'),
(85, 16, 30, 53000, 50, '36-6045800', '2021-03-15 07:59:59', '2021-03-15 07:59:59'),
(86, 1, 20, 60000, 40, '36-6015800', '2021-03-15 08:01:54', '2021-03-15 08:01:54'),
(87, 21, 30, 55000, 40, '36-6015800', '2021-03-15 08:02:06', '2021-03-15 08:02:06'),
(88, 1, 20, 59000, 65, '36-6034400', '2021-03-15 08:03:36', '2021-03-15 08:03:36'),
(89, 21, 30, 55000, 65, '36-6034400', '2021-03-15 08:04:11', '2021-03-15 08:04:11'),
(92, 1, 1, 75000, 50, '36-6045813', '2021-03-15 08:17:03', '2021-03-15 08:17:03'),
(93, 1, 20, 180000, 50, '36-6010400', '2021-03-15 08:18:27', '2021-03-15 08:18:27'),
(94, 21, 30, 110000, 50, '36-6010400', '2021-03-15 08:18:45', '2021-03-15 08:18:45'),
(95, 1, 20, 180000, 50, '36-6011600', '2021-03-15 08:20:24', '2021-03-15 08:20:24'),
(96, 21, 30, 110000, 50, '36-6011600', '2021-03-15 08:20:39', '2021-03-15 08:20:39'),
(97, 2, 30, 70000, 50, '36-6045813', '2021-03-15 08:26:12', '2021-03-15 08:26:12'),
(98, 1, 1, 75000, 50, '36-6045812', '2021-03-15 08:26:57', '2021-03-15 08:26:57');
